{
    "acc": 0.9198743126472899,
    "loss": 0.311076173838228
}